timestamp,user_query,bot_response
2026-01-16T13:12:28.437074,Hola mi vuelo se retraso ,"Lamento mucho escuchar que tu vuelo se retrasó. Entiendo que esto puede ser frustrante.

¿Hay algo en lo que pueda ayudarte o alguna pregunta que tengas sobre el retraso?"
2026-01-16T18:22:13.229809,Hola mi vuelo se retraso,"Lamento mucho escuchar que su vuelo se ha retrasado. Entiendo lo frustrante que esto puede ser.

¿Hay algo en lo que pueda ayudarle con respecto a la demora, o tiene alguna pregunta específica?"
2026-01-16T13:39:28.128492,¿Tienen opciones de comida vegetariana en vuelos internacionales?,"Sí, claro que sí. Ofrecemos opciones de comida vegetariana en vuelos internacionales. Le recomendamos solicitarlas con antelación, preferiblemente al momento de hacer su reserva o al menos 24 horas antes de su vuelo."
2026-01-16T13:49:57.298850,¿Tienen opciones de comida vegetariana en vuelos internacionales?,"Sí, ofrecemos opciones de comida vegetariana en vuelos internacionales. Le recomendamos solicitar su comida especial con anticipación, preferiblemente al reservar su boleto o al menos 24-48 horas antes de su vuelo."
2026-01-16T18:50:47.961896,estoy en el vuelo y la comida esta horrible,Lamento mucho escuchar que la comida no sea de su agrado. Agradecemos sus comentarios y los tomaremos en cuenta para futuras mejoras.
2026-01-16T19:24:29.000233,Me encantó el servicio a bordo! La comida estaba deliciosa y el asiento muy comodó,"¡Excelente! Nos alegra mucho saber que disfrutó del servicio a bordo, la comida y la comodidad de su asiento. Agradecemos sus amables comentarios."
